{
  "traces": [
    {
      "request_id": 0,
      "seq_prompt": 129,
      "seq_generate": 32,
      "total_latency_s": 40.62441873550415,
      "tokens_per_s": 0.7877035781938033,
      "peak_alloc_bytes": 0,
      "peak_reserved_bytes": 0,
      "backend": "huggingface",
      "model": "meta-llama/Llama-3.1-8B-Instruct",
      "timestamp": 1757162394.5147123,
      "error": null
    },
    {
      "request_id": 0,
      "seq_prompt": 129,
      "seq_generate": 32,
      "total_latency_s": 37.91458487510681,
      "tokens_per_s": 0.8440023833944154,
      "peak_alloc_bytes": 0,
      "peak_reserved_bytes": 0,
      "backend": "huggingface",
      "model": "meta-llama/Llama-3.1-8B-Instruct",
      "timestamp": 1757162435.1457965,
      "error": null
    },
    {
      "request_id": 1,
      "seq_prompt": 129,
      "seq_generate": 32,
      "total_latency_s": 39.11379647254944,
      "tokens_per_s": 0.8181256458308261,
      "peak_alloc_bytes": 0,
      "peak_reserved_bytes": 0,
      "backend": "huggingface",
      "model": "meta-llama/Llama-3.1-8B-Instruct",
      "timestamp": 1757162473.0614681,
      "error": null
    }
  ],
  "metrics": {
    "total_requests": 3,
    "successful_requests": 3,
    "failed_requests": 0,
    "error_rate": 0.0,
    "mean_latency_s": 39.21760002772013,
    "min_latency_s": 37.91458487510681,
    "max_latency_s": 40.62441873550415,
    "p50_latency_s": 39.11379647254944,
    "p95_latency_s": 40.62441873550415,
    "p99_latency_s": 40.62441873550415,
    "mean_tokens_per_s": 0.8166105358063483,
    "total_tokens_per_s": 2.449831607419045,
    "min_tokens_per_s": 0.7877035781938033,
    "max_tokens_per_s": 0.8440023833944154,
    "peak_alloc_bytes": 0,
    "peak_reserved_bytes": 0,
    "peak_alloc_gb": 0.0,
    "peak_reserved_gb": 0.0,
    "mean_alloc_bytes": 0.0,
    "mean_reserved_bytes": 0.0
  },
  "timestamp": 1757162512.1777425
}